scenario,total_keys,write_qps,write_time_sec,save_count,save_time_sec,avg_save_ms,effective_qps
100w_save_1,1000000,132117.86,7.630102,1,.004000,4.0,130991
10w_save_10,100000,122699.39,.824345,10,.031000,3.1,116911
1w_save_100,10000,131578.95,.080145,100,.402000,4.0,20740
1k_save_1000,1000,111111.12,.013335,1000,3.293000,3.2,302
