scenario,total_keys,write_qps,write_time_sec,save_count,save_time_sec,avg_save_ms,effective_qps
100w_save_1,1000000,125172.12,8.048856,1,3.921000,3921.0,83543
10w_save_10,100000,129533.68,.781371,10,3.960000,396.0,21090
1w_save_100,10000,138888.89,.077446,100,4.100000,41.0,2393
1k_save_1000,1000,124999.99,.013013,1000,7.065000,7.0,141
