scenario,total_keys,write_qps,write_time_sec,save_count,save_time_sec,avg_save_ms,effective_qps
100w_save_1,1000000,134318.33,7.514814,1,3.845000,3845.0,88029
10w_save_10,100000,141442.72,.718010,10,3.841000,384.1,21934
1w_save_100,10000,138888.89,.077859,100,4.123000,41.2,2380
1k_save_1000,1000,90909.09,.015140,1000,6.942000,6.9,143
