scenario,total_keys,write_qps,write_time_sec,save_count,save_time_sec,avg_save_ms,effective_qps
100w_save_1,1000000,119731.80,8.408983,1,6.277000,6277.0,68092
10w_save_10,100000,118483.41,.853945,10,6.243000,624.3,14090
1w_save_100,10000,107526.88,.098178,100,6.469000,64.6,1522
1k_save_1000,1000,62500.00,.022158,1000,9.327000,9.3,106
