scenario,total_keys,write_qps,write_time_sec,save_count,save_time_sec,avg_save_ms,effective_qps
100w_save_1,1000000,106326.42,9.469449,1,5.595000,5595.0,66381
10w_save_10,100000,106496.27,.949592,10,5.541000,554.1,15406
1w_save_100,10000,105263.16,.102004,100,5.856000,58.5,1678
1k_save_1000,1000,90909.09,.016122,1000,9.626000,9.6,103
