scenario,total_keys,write_qps,write_time_sec,save_count,save_time_sec,avg_save_ms,effective_qps
100w_save_1,1000000,134825.41,7.481666,1,3.976000,3976.0,87277
10w_save_10,100000,136239.78,.744735,10,3.935000,393.5,21368
1w_save_100,10000,129870.13,.082032,100,4.090000,40.9,2396
