scenario,total_keys,write_qps,write_time_sec,save_count,save_time_sec,avg_save_ms,effective_qps
100w_save_1,1000000,134698.28,7.483627,1,4.338000,4338.0,84590
10w_save_10,100000,139664.80,.725450,10,4.446000,444.6,19336
1w_save_100,10000,131578.95,.081739,100,4.615000,46.1,2129
1k_save_1000,1000,90909.09,.015306,1000,7.182000,7.1,138
