scenario,total_keys,write_qps,write_time_sec,save_count,save_time_sec,avg_save_ms,effective_qps
100w_save_1,1000000,119631.53,8.422206,1,5.138000,5138.0,73745
10w_save_10,100000,122399.02,.827417,10,5.013000,501.3,17122
1w_save_100,10000,119047.62,.090994,100,5.267000,52.6,1866
1k_save_1000,1000,100000.00,.015442,1000,8.298000,8.2,120
