scenario,total_keys,write_qps,write_time_sec,save_count,save_time_sec,avg_save_ms,effective_qps
100w_save_1,1000000,125786.16,8.014108,1,4.021000,4021.0,83090
10w_save_10,100000,128865.98,.785593,10,3.985000,398.5,20961
1w_save_100,10000,128205.12,.083008,100,4.240000,42.4,2313
1k_save_1000,1000,111111.12,.013432,1000,7.068000,7.0,141
