scenario,total_keys,write_qps,write_time_sec,save_count,save_time_sec,avg_save_ms,effective_qps
100w_save_1,1000000,128435.66,7.845821,1,3.933000,3933.0,84898
10w_save_10,100000,129032.27,.784677,10,4.015000,401.5,20834
1w_save_100,10000,133333.33,.080378,100,4.208000,42.0,2331
1k_save_1000,1000,142857.14,.012101,1000,7.061000,7.0,141
