scenario,total_keys,write_qps,write_time_sec,save_count,save_time_sec,avg_save_ms,effective_qps
100w_save_1,1000000,20834.20,48.062980,1,3.835000,3835.0,19268
10w_save_10,100000,115340.26,.877314,10,3.924000,392.4,20827
1w_save_100,10000,128205.12,.084024,100,4.190000,41.9,2339
1k_save_1000,1000,111111.12,.014787,1000,7.041000,7.0,141
