scenario,total_keys,write_qps,write_time_sec,save_count,save_time_sec,avg_save_ms,effective_qps
100w_save_1,1000000,123076.92,8.183253,1,4.977000,4977.0,75986
10w_save_10,100000,123762.38,.817840,10,4.952000,495.2,17331
1w_save_100,10000,112359.55,.094360,100,5.260000,52.6,1867
1k_save_1000,1000,90909.09,.015678,1000,8.241000,8.2,121
