scenario,total_keys,write_qps,write_time_sec,save_count,save_time_sec,avg_save_ms,effective_qps
100w_save_1,1000000,121669.30,8.282601,1,5.071000,5071.0,74886
10w_save_10,100000,123152.71,.822991,10,5.052000,505.2,17021
1w_save_100,10000,112359.55,.095207,100,5.453000,54.5,1802
1k_save_1000,1000,62500.00,.021111,1000,8.484000,8.4,117
