scenario,total_keys,write_qps,write_time_sec,save_count,save_time_sec,avg_save_ms,effective_qps
100w_save_1,1000000,134589.50,7.483647,1,3.755000,3755.0,88978
10w_save_10,100000,134589.50,.751914,10,3.802000,380.2,21959
1w_save_100,10000,126582.27,.084130,100,4.101000,41.0,2389
1k_save_1000,1000,100000.00,.014660,1000,6.833000,6.8,146
