scenario,total_keys,write_qps,write_time_sec,save_count,save_time_sec,avg_save_ms,effective_qps
100w_save_1,1000000,35150.62,28.521390,1,7.708000,7708.0,27601
10w_save_10,100000,41928.72,2.396913,10,7.537000,753.7,10066
1w_save_100,10000,32467.53,.314783,100,7.685000,76.8,1250
1k_save_1000,1000,18518.52,.059023,1000,11.366000,11.3,87
